Time,CBlood,CGI,CKidney,CSpleen,CLiver,CLung,CBrain
1,33.58916479,1563.699172,500.7148497,540.0010853,185.3380267,100.3472222,27.01115486
