Time,CBlood,CGI,CKidney,CLiver,CBrain,CSpleen,CLung
7,122.8079739,49.27785368,43.3039374,52.61458204,9.142715191,13.69966464,19.29896907
