Time,CBlood,CGI,CKidney,CLiver,CBrain,CSpleen,CLung
7,144.9977183,82.19202584,57.7021488,70.31076885,29.3131288,8.304,57.61470625
