Time,CBlood,CGI,CKidney,CLiver,CBrain,CSpleen,CLung
7,125.4455113,54.60191281,47.8221339,64.96882375,12.83517575,2.36E+01,38.66252639
