Time,AUrine
0.25,0.00000048
0.5,0.00000023
1,0.00000078
2,0.00000063
