Time,CBlood
0.25,0.00343
0.5,0.00242
1,0.00036
2,0.00239
