Time,CKidney
0.25,0.00171
0.5,0.0018
1,0.00073
2,0.00278
