Time,CLiver
0.25,0.00145
0.5,0.00068
1,0.00021
2,0.00082
