Time,CLung
0.25,0.00328
0.5,0.00077
1,0.00057
2,0.00289
