Time,CSpleen
0.25,0.00205
0.5,0.00093
1,0.00152
2,0.00969
