Time,AUrine
0.25,0.00000109
0.5,0.00000061
1,0.00000007
2,0.00000047
