Time,AUrine
0.25,0.00000073
0.5,0.00000028
1,0.00000063
2,0.00000135
