Time,CKidney,CLiver,CSpleen,CLung
56,95.74468085,39.9113082,49.66740576,22.57445483
