Time,CGI,CBlood,CKidney,CSpleen,CLiver,CLung,CBrain
1,1775.361059,17.8781,55.26748181,65.22446912,77.22417777,6.023075241,14.37992126
