Time,CKidney,CLiver,CSpleen,CLung
56,715.4255319,482.9268293,569.4013304,144.717757
