Time,AUrine
0.25,0.0000008
0.5,0.00000046
1,0.00000075
2,0.00000075
